Rank,Chname,Followers,Views,VDO
1,zbing z.,"15,700,000","7,760,704,495","2,586"
2,Kaykai Salaider,"15,600,000","4,107,659,396",389
3,Bie The Ska,"13,500,000","4,259,339,767","1,273"
4,My Mate Nate,"11,600,000","2,676,041,279","1,073"
5,RUOK FF,"9,730,000","587,016,367",117
6,ครูนกเล็ก,"9,090,000","7,317,186,157","3,057"
7,UDiEX2,"8,830,000","1,337,884,427",871
8,SpriteDer SPD,"8,660,000","889,882,811",121
9,Mark Wiens,"8,480,000","1,949,664,962","1,209"
10,HeHaa TV,"8,350,000","3,152,857,433",919
11,CGGG,"8,050,000","1,019,239,057",813
12,PojzPlaza,"8,020,000","2,007,897,133","1,813"
13,ค่ายเพลง ได้หมดถ้าสดชื่น,"7,900,000","2,196,959,696",419
14,HEARTROCKER,"7,670,000","2,625,449,857","2,056"
15,Kyutae Oppa,"7,610,000","1,369,771,988",861
16,PEACH EAT LAEK,"7,580,000","1,278,365,909",531
17,YimYam TV,"7,330,000","8,011,912,768","2,394"
18,Brianna's Secret Club TH,"7,100,000","3,541,671,699","1,938"
19,TAE,"7,040,000","1,660,483,483","2,095"
20,ZENSE Entertainment,"7,040,000","4,287,462,508","15,903"
21,The Inner Studio,"6,930,000","1,647,856,793","1,351"
22,VRZOchannel,"6,910,000","2,350,692,668","1,481"
23,MNJ TV,"6,890,000","1,012,792,647","1,068"
24,Beam Copphone,"6,820,000","11,251,832,590","2,399"
25,TV Thunder Official,"6,680,000","3,764,321,856","14,678"
26,LowGrade,"6,490,000","1,190,785,850","1,345"
27,MR.B,"6,360,000","905,308,679",373
28,TopSib Thailand,"6,300,000","1,675,171,571","1,098"
29,Lovely Family TV,"6,170,000","3,352,297,167","1,349"
30,กระต่าย พรรณนิภา OFFICIAL,"6,160,000","2,533,595,654",371
31,108Life,"6,000,000","1,285,099,013","1,641"
32,KidsMeSong [เพลงเด็ก วิดีโอเด็ก],"5,870,000","2,984,933,243",476
33,แจ๊ส สปุ๊กนิค ปาปิยอง กุ๊กกุ๊ก,"5,830,000","1,155,159,964",284
34,SkizzTV,"5,810,000","1,787,319,596","2,195"
35,Illslick thelegandary,"5,760,000","3,290,839,492",114
36,PRIMKUNG,"5,690,000","1,298,978,537","1,282"
37,Epic Time,"5,460,000","1,582,749,144",679
38,My Pony,"5,420,000","2,299,352,299",816
39,พิมรี่พาย,"5,370,000","659,216,441",298
40,Fun Family,"5,220,000","1,898,842,010",748
41,Chickypie,"5,150,000","1,751,309,598","1,216"
42,MonDEV,"5,070,000","1,041,924,768","1,166"
43,Ananped,"5,020,000","681,149,173",635
44,ohana clip,"5,000,000","1,279,915,498",781
45,อาจารย์ยอด,"4,960,000","2,306,538,998","8,172"
46,Happy Channel,"4,890,000","2,432,173,156","2,968"
47,พอดีม่วน STUDIO,"4,870,000","1,848,541,173",272
48,Aoffy Maxim,"4,810,000","1,336,316,334",392
49,Kamsing Family Channel,"4,780,000","908,609,161",760
50,Dek Jew Chill Out,"4,710,000","3,877,450,382","4,448"
51,OKyouLIKEs,"4,690,000","637,620,431",493
52,กาย หงิด,"4,490,000","1,269,895,414",820
53,YOUNGOHM,"4,430,000","1,849,268,287",59
54,DJ.DREAMERTH,"4,380,000","442,973,511","1,179"
55,หม่อมถนัดแดก,"4,340,000","1,240,977,109","1,254"
56,SorDor Style,"4,330,000","988,235,783",642
57,เซิ้ง MUSiC,"4,260,000","2,744,255,871",203
58,OAUJUN HI-END,"4,180,000","840,137,705",526
59,JZB Studio,"4,150,000","835,387,521",539
60,โหนกระแส (Hone-Krasae) Official,"4,100,000","1,036,613,417","1,328"
61,ดอยแม่สลอง สื่อสังคมออนไลน์,"4,090,000","1,781,913,963",762
62,Nate & Mee,"4,030,000","519,052,673",545
63,fedfeclip,"4,010,000","941,434,302",495
64,Bay Riffer,"4,000,000","910,917,925","1,456"
65,TAM STORY,"3,990,000","2,518,380,578","3,262"
66,QueenTubeTH,"3,970,000","1,039,953,521",524
67,Jannine Weigel,"3,950,000","725,490,070",472
68,The snack,"3,940,000","738,632,278",640
69,King SoYer,"3,910,000","1,060,228,745",915
70,Maser Gamer,"3,910,000","752,106,989","2,328"
71,กิต งายย,"3,890,000","600,135,564",788
72,Thibaan Channel,"3,830,000","1,518,602,048",654
73,สวัสดีครับผม แจ็กแปปโฮ,"3,770,000","437,560,820",157
74,OfficialWhiteMusic,"3,770,000","3,267,551,969","1,351"
75,Bearhug,"3,730,000","925,253,456",409
76,Xcrosz,"3,690,000","616,087,106","2,156"
77,VAST Studio,"3,580,000","555,586,641",681
78,Meijimill,"3,540,000","399,888,619",259
79,ชีวิตสดใส / Bright Side Thai,"3,510,000","868,549,678","2,794"
80,Deklaaon Channel,"3,490,000","1,576,155,335","1,486"
81,Thanks For Watching,"3,490,000","1,688,809,699","3,364"
82,OG-ANIC,"3,460,000","1,175,924,638",50
83,Whattheduck,"3,420,000","2,418,599,326","1,360"
84,GoodDayOfficial,"3,400,000","1,299,132,945","2,032"
85,Kutcha Wants2playz,"3,380,000","1,326,626,818","2,376"
86,CHANGE2561,"3,370,000","2,114,793,260","9,519"
87,AtimeOnline,"3,370,000","2,095,489,027","10,469"
88,CLASSIC NU,"3,360,000","825,080,709",826
89,ThiLordHae I ไทรถแห่,"3,350,000","757,988,474",878
90,KunTi,"3,330,000","924,418,684",660
91,ขอบสนาม (Official),"3,330,000","716,826,682","2,873"
92,พี่เสือ มาแล้ว,"3,280,000","371,771,756",800
93,PAP HUMNOY,"3,210,000","337,174,914",222
94,Oppa Thuchy,"3,210,000","515,888,943",521
95,softpomz,"3,170,000","662,159,595",538
96,zommarie,"3,170,000","456,678,037",925
97,Ajumma Nammy,"3,150,000","735,460,092",399
98,Ozrealman,"3,130,000","973,962,151",821
99,BlackMoon,"3,110,000","559,164,706",656
100,MOJIKO,"3,090,000","562,320,913",740
101,[tackle4826] - Tackle Minecraft,"3,090,000","912,042,379","2,063"
102,Rapper Tery [Official],"3,060,000","1,435,707,836",132
103,DJ Poom,"3,040,000","572,912,993",541
104,Kan Atthakorn,"3,020,000","614,188,832",327
105,ple nakorn CHANNEL,"3,020,000","769,239,274",802
106,Zhevass,"3,020,000","740,394,094","2,468"
107,My Mesuan,"3,000,000","340,632,767",842
108,MAHAHING (วง มหาหิงค์),"2,980,000","1,215,988,474",238
109,RachYO,"2,970,000","664,939,854",22
110,URBOYTJ,"2,930,000","1,204,304,087",128
111,World of Legend โลกแห่งตํานาน,"2,920,000","619,743,147",266
112,WOODY,"2,920,000","968,578,100","7,989"
113,ช่างภาพชั่วคราว'วงกลม,"2,860,000","1,276,038,653","1,822"
114,Bon Gamerz,"2,850,000","926,821,212","2,858"
115,TONGTANG BOMBIE,"2,840,000","471,456,882",595
116,RAMER,"2,810,000","442,138,118",662
117,Sunbeary,"2,800,000","472,552,599",228
118,PJY` Gamer,"2,780,000","508,919,166",976
119,ปู่จ๋าน ลองไมค์,"2,730,000","748,779,907",120
120,เออน่า เรคคอร์ด,"2,700,000","1,153,736,175",211
121,Starwin Narkthongpet,"2,670,000","207,275,683",152
122,F Pongpitak,"2,670,000","443,930,422",875
123,HASAN Nattapong,"2,670,000","834,750,231","1,133"
124,NEWXLIVE,"2,620,000","216,258,682",220
125,THEWINNER TV,"2,600,000","650,410,802",711
126,กินได้อร่อยด้วย,"2,560,000","345,384,670",568
127,BNK48,"2,550,000","791,983,370","1,200"
128,Mindset TV,"2,540,000","666,168,809",899
129,FoodTravelTVChannel,"2,540,000","839,822,711","5,511"
130,JoCho Sippawat,"2,530,000","274,814,971",269
131,Arainy,"2,530,000","542,629,243",561
132,teera47 kids,"2,520,000","926,174,899",971
133,Mario Jok,"2,500,000","549,558,764",69
134,SunnyHellGate,"2,500,000","55,400,653",123
135,Bstars Music,"2,490,000","617,140,928",712
136,RAP IS NOW,"2,490,000","678,370,384","2,699"
137,werkgang,"2,450,000","1,549,797,628","1,081"
138,Nickynachat,"2,420,000","438,045,055",450
139,Yamatum O,"2,420,000","622,888,223","1,620"
140,Layza Racing,"2,390,000","232,331,440",851
141,โคตรคูล,"2,390,000","653,926,337",853
142,TARYUT CHAISORO,"2,370,000","860,164,389",379
143,KNCraZy,"2,370,000","633,181,315","3,103"
144,YUPP!,"2,310,000","943,022,735",123
145,สจ.นัมเบอร์วัน,"2,300,000","384,086,957",946
146,Doyser,"2,290,000","578,096,689","1,682"
147,I Roam Alone,"2,280,000","289,907,349",313
148,IceBarBer,"2,280,000","420,558,267","1,462"
149,tigercrychannel,"2,270,000","1,001,661,170","1,024"
150,หมอปลา [Official Channel],"2,260,000","365,440,369",580
151,NineEntertain Official,"2,240,000","1,402,931,705","34,270"
152,Life of Bow,"2,190,000","741,042,546","1,140"
153,NotIsGoD เบสไวน์,"2,180,000","610,182,610",276
154,OPZ TV,"2,180,000","846,028,031","1,261"
155,OVERACT,"2,150,000","306,091,601",279
156,ตอง ติง โชว์,"2,140,000","856,146,000",895
157,Spicydisc,"2,140,000","2,096,070,566","1,174"
158,สะใภ้เกาหลี by korean,"2,130,000","656,848,536",620
159,BossKerati,"2,120,000","420,572,081",618
160,GU ZAP,"2,100,000","485,295,429","1,485"
161,ThaiStandupComedy,"2,090,000","639,552,041",108
162,SPY Channel,"2,090,000","252,988,837",843
163,Nontakan Ns.,"2,090,000","462,095,683","1,608"
164,แป๊ะดูดแหนม รีเทิร์น,"2,070,000","144,020,803",208
165,Topby Toast,"2,070,000","476,593,014",318
166,ก้อง ห้วยไร่,"2,050,000","706,598,005",73
167,Art AirsoftGun,"2,040,000","277,011,456",216
168,Followme Official,"2,030,000","130,378,265",198
169,ครัวพิศพิไล,"2,030,000","264,935,890","2,028"
170,Bowie,"1,980,000","173,003,369",462
171,RPG Channel,"1,970,000","122,257,178",261
172,Atompakon,"1,970,000","312,524,897",576
173,believe records,"1,950,000","1,252,267,122",266
174,Point of View,"1,940,000","222,355,561",830
175,Basty Channel,"1,930,000","213,833,668",265
176,WONDERFRAME,"1,890,000","278,628,175",161
177,PatNapapa,"1,890,000","148,358,506",206
178,Attempt Z,"1,890,000","296,287,987","1,090"
179,TheghostradioOfficial,"1,890,000","1,461,587,572","5,181"
180,Queen A,"1,880,000","205,046,162",324
181,มินตัน ดิ๊งด่อง,"1,830,000","133,163,559",242
182,Yummy Yum,"1,830,000","676,268,665",272
183,DOM,"1,830,000","262,999,738",381
184,Tamjaitood official,"1,820,000","199,412,615",116
185,ไอซ์ซี่ กินยั่ว,"1,810,000","193,861,646",534
186,FADSAYONG CHANNEL,"1,800,000","160,562,059",297
187,THAI TALE,"1,770,000","498,459,071",381
188,POMSTER Freestyle,"1,760,000","234,358,081",157
189,BILLbilly01,"1,740,000","465,673,604",400
190,Studio Wabi Sabi,"1,740,000","876,253,362",495
191,จดอ - JUSTดูIT.,"1,740,000","287,931,938",832
192,Nisamanee.Nutt,"1,740,000","409,456,105",950
193,มนต์แคน แก่นคูน OFFICIAL,"1,730,000","563,334,981",106
194,bell eiki,"1,730,000","218,651,064","1,459"
195,Kids Play,"1,730,000","1,112,435,676","2,150"
196,THE STANDARD,"1,730,000","272,945,411","6,743"
197,M PENG C,"1,710,000","237,302,157",561
198,NICKKU CHANNEL,"1,690,000","79,748,996",141
199,Ketchup Jo,"1,690,000","249,104,458",418
200,BORIBOON FAMILY,"1,690,000","412,645,062",621
201,FeelingRock,"1,690,000","224,921,342","1,361"
202,Nadao Music,"1,680,000","836,878,403",196
203,123 GO! CHALLENGE Thai,"1,680,000","644,327,145",217
204,Mayy R,"1,680,000","266,016,865",453
205,Moto Plaza,"1,680,000","186,961,708",698
206,TomoNews Thailand,"1,670,000","1,293,584,604","4,056"
207,NANAKE555,"1,660,000","374,146,438","3,231"
208,Eed Ponglang,"1,650,000","328,749,806",523
209,กินไปไทยหรั่ง,"1,650,000","407,559,866","1,085"
210,Tarn Softwhip,"1,640,000","256,688,931",208
211,Nobi,"1,630,000","207,126,340",733
212,Slagger TV,"1,610,000","106,745,923",165
213,BANKII,"1,610,000","300,231,383",282
214,Ya Taliban,"1,610,000","226,553,822","1,060"
215,djpetjah channel,"1,600,000","265,687,034",523
216,CHULi,"1,580,000","135,743,881",427
217,first click,"1,580,000","579,007,859","1,665"
218,PleunPung,"1,570,000","220,694,947",517
219,KOMNA CHANNEL,"1,570,000","441,854,389","1,999"
220,LEGENDBOY,"1,540,000","708,660,213",111
221,Kayavine,"1,540,000","125,438,938",450
222,Yimnoi yimyai,"1,530,000","262,500,546",321
223,Nonny.com,"1,530,000","217,402,096","1,180"
224,Bank PII,"1,520,000","66,422,696",88
225,BANGKOKCIAGA,"1,520,000","247,355,680",474
226,BH BrickHouse,"1,500,000","944,586,273",123
227,น๊อตน้อย ChanneL,"1,500,000","149,018,856",294
228,MomMe Chidjun,"1,500,000","453,490,974",615
229,เด็กเลี้ยงควาย,"1,460,000","365,548,555",32
230,DODI ดูดิ,"1,440,000","114,211,289",193
231,StepGeekTV Online,"1,440,000","342,277,111","3,011"
232,JOKER FAMILY,"1,430,000","316,260,761",423
233,joe channel,"1,430,000","344,536,945","1,642"
234,TomJoke Foodtv,"1,410,000","258,393,828",844
